{"1":{"name":"npc_dota_hero_antimage","id":1,"localized_name":"Anti-Mage","name_short":"antimage","aliases":"am","ultimate":{"name":"antimage_mana_void","cooldown":[70]}},"2":{"name":"npc_dota_hero_axe","id":2,"localized_name":"Axe","name_short":"axe","aliases":"","ultimate":{"name":"axe_culling_blade","cooldown":[75,65,55],"scepter_cooldown":[6]}},"3":{"name":"npc_dota_hero_bane","id":3,"localized_name":"Bane","name_short":"bane","aliases":"","ultimate":{"name":"bane_fiends_grip","cooldown":[100]}},"4":{"name":"npc_dota_hero_bloodseeker","id":4,"localized_name":"Bloodseeker","name_short":"bloodseeker","aliases":"bs","ultimate":{"name":"bloodseeker_rupture","cooldown":[70,60,50]}},"5":{"name":"npc_dota_hero_crystal_maiden","id":5,"localized_name":"Crystal Maiden","name_short":"crystal_maiden","aliases":"cm","ultimate":{"name":"crystal_maiden_freezing_field","cooldown":[150,120,90]}},"6":{"name":"npc_dota_hero_drow_ranger","id":6,"localized_name":"Drow Ranger","name_short":"drow_ranger","aliases":""},"7":{"name":"npc_dota_hero_earthshaker","id":7,"localized_name":"Earthshaker","name_short":"earthshaker","aliases":"","ultimate":{"name":"earthshaker_echo_slam","cooldown":[150,130,110]}},"8":{"name":"npc_dota_hero_juggernaut","id":8,"localized_name":"Juggernaut","name_short":"juggernaut","aliases":"","ultimate":{"name":"juggernaut_omni_slash","cooldown":[130,120,110],"scepter_cooldown":[70]}},"9":{"name":"npc_dota_hero_mirana","id":9,"localized_name":"Mirana","name_short":"mirana","aliases":"","ultimate":{"name":"mirana_invis","cooldown":[140,120,100]}},"11":{"name":"npc_dota_hero_nevermore","id":11,"localized_name":"Shadow Fiend","name_short":"nevermore","aliases":"sf","ultimate":{"name":"nevermore_requiem","cooldown":[120,110,100]}},"10":{"name":"npc_dota_hero_morphling","id":10,"localized_name":"Morphling","name_short":"morphling","aliases":"","ultimate":{"name":"morphling_replicate","cooldown":[80]}},"12":{"name":"npc_dota_hero_phantom_lancer","id":12,"localized_name":"Phantom Lancer","name_short":"phantom_lancer","aliases":"pl"},"13":{"name":"npc_dota_hero_puck","id":13,"localized_name":"Puck","name_short":"puck","aliases":"","ultimate":{"name":"puck_dream_coil","cooldown":[85]}},"14":{"name":"npc_dota_hero_pudge","id":14,"localized_name":"Pudge","name_short":"pudge","aliases":"","ultimate":{"name":"pudge_dismember","cooldown":[30]}},"15":{"name":"npc_dota_hero_razor","id":15,"localized_name":"Razor","name_short":"razor","aliases":"","ultimate":{"name":"razor_eye_of_the_storm","cooldown":[80,70,60]}},"16":{"name":"npc_dota_hero_sand_king","id":16,"localized_name":"Sand King","name_short":"sand_king","aliases":"sk","ultimate":{"name":"sandking_epicenter","cooldown":[140,120,100],"scepter_cooldown":[120,100,80]}},"17":{"name":"npc_dota_hero_storm_spirit","id":17,"localized_name":"Storm Spirit","name_short":"storm_spirit","aliases":"ss"},"18":{"name":"npc_dota_hero_sven","id":18,"localized_name":"Sven","name_short":"sven","aliases":"","ultimate":{"name":"sven_gods_strength","cooldown":[80]}},"19":{"name":"npc_dota_hero_tiny","id":19,"localized_name":"Tiny","name_short":"tiny","aliases":""},"20":{"name":"npc_dota_hero_vengefulspirit","id":20,"localized_name":"Vengeful Spirit","name_short":"vengefulspirit","aliases":"vs","ultimate":{"name":"vengefulspirit_nether_swap","cooldown":[45],"scepter_cooldown":[10]}},"21":{"name":"npc_dota_hero_windrunner","id":21,"localized_name":"Windranger","name_short":"windrunner","aliases":"wr","ultimate":{"name":"windrunner_focusfire","cooldown":[60],"scepter_cooldown":[15]}},"22":{"name":"npc_dota_hero_zuus","id":22,"localized_name":"Zeus","name_short":"zuus","aliases":"","ultimate":{"name":"zuus_thundergods_wrath","cooldown":[90]}},"23":{"name":"npc_dota_hero_kunkka","id":23,"localized_name":"Kunkka","name_short":"kunkka","aliases":"","ultimate":{"name":"kunkka_ghostship","cooldown":[60,50,40]}},"25":{"name":"npc_dota_hero_lina","id":25,"localized_name":"Lina","name_short":"lina","aliases":"","ultimate":{"name":"lina_laguna_blade","cooldown":[70,60,50]}},"31":{"name":"npc_dota_hero_lich","id":31,"localized_name":"Lich","name_short":"lich","aliases":"","ultimate":{"name":"lich_chain_frost","cooldown":[145,115,60]}},"26":{"name":"npc_dota_hero_lion","id":26,"localized_name":"Lion","name_short":"lion","aliases":"","ultimate":{"name":"lion_finger_of_death","cooldown":[160,100,40],"scepter_cooldown":[100,60,20]}},"27":{"name":"npc_dota_hero_shadow_shaman","id":27,"localized_name":"Shadow Shaman","name_short":"shadow_shaman","aliases":"ss","ultimate":{"name":"shadow_shaman_mass_serpent_ward","cooldown":[110]}},"28":{"name":"npc_dota_hero_slardar","id":28,"localized_name":"Slardar","name_short":"slardar","aliases":"","ultimate":{"name":"slardar_amplify_damage","cooldown":[10]}},"29":{"name":"npc_dota_hero_tidehunter","id":29,"localized_name":"Tidehunter","name_short":"tidehunter","aliases":"","ultimate":{"name":"tidehunter_ravage","cooldown":[150]}},"30":{"name":"npc_dota_hero_witch_doctor","id":30,"localized_name":"Witch Doctor","name_short":"witch_doctor","aliases":"wd","ultimate":{"name":"witch_doctor_death_ward","cooldown":[80]}},"32":{"name":"npc_dota_hero_riki","id":32,"localized_name":"Riki","name_short":"riki","aliases":""},"33":{"name":"npc_dota_hero_enigma","id":33,"localized_name":"Enigma","name_short":"enigma","aliases":"","ultimate":{"name":"enigma_black_hole","cooldown":[200,190,180]}},"34":{"name":"npc_dota_hero_tinker","id":34,"localized_name":"Tinker","name_short":"tinker","aliases":"","ultimate":{"name":"tinker_rearm","cooldown":[0]}},"35":{"name":"npc_dota_hero_sniper","id":35,"localized_name":"Sniper","name_short":"sniper","aliases":"","ultimate":{"name":"sniper_assassinate","cooldown":[20,15,10]}},"36":{"name":"npc_dota_hero_necrolyte","id":36,"localized_name":"Necrophos","name_short":"necrolyte","aliases":"","ultimate":{"name":"necrolyte_reapers_scythe","cooldown":[100,85,70],"scepter_cooldown":[70]}},"37":{"name":"npc_dota_hero_warlock","id":37,"localized_name":"Warlock","name_short":"warlock","aliases":"","ultimate":{"name":"warlock_rain_of_chaos","cooldown":[165]}},"38":{"name":"npc_dota_hero_beastmaster","id":38,"localized_name":"Beastmaster","name_short":"beastmaster","aliases":"bm","ultimate":{"name":"beastmaster_primal_roar","cooldown":[80,75,70],"scepter_cooldown":[45]}},"39":{"name":"npc_dota_hero_queenofpain","id":39,"localized_name":"Queen of Pain","name_short":"queenofpain","aliases":"qop","ultimate":{"name":"queenofpain_sonic_wave","cooldown":[135],"scepter_cooldown":[40]}},"40":{"name":"npc_dota_hero_venomancer","id":40,"localized_name":"Venomancer","name_short":"venomancer","aliases":"","ultimate":{"name":"venomancer_poison_nova","cooldown":[140,120,100],"scepter_cooldown":[140,120,60]}},"41":{"name":"npc_dota_hero_faceless_void","id":41,"localized_name":"Faceless Void","name_short":"faceless_void","aliases":"fv","ultimate":{"name":"faceless_void_chronosphere","cooldown":[120,100,80],"scepter_cooldown":[60]}},"42":{"name":"npc_dota_hero_skeleton_king","id":42,"localized_name":"Wraith King","name_short":"skeleton_king","aliases":"sk;snk;wk","ultimate":{"name":"skeleton_king_reincarnation","cooldown":[260,160,60]}},"43":{"name":"npc_dota_hero_death_prophet","id":43,"localized_name":"Death Prophet","name_short":"death_prophet","aliases":"dp","ultimate":{"name":"death_prophet_exorcism","cooldown":[115]}},"44":{"name":"npc_dota_hero_phantom_assassin","id":44,"localized_name":"Phantom Assassin","name_short":"phantom_assassin","aliases":"pa"},"45":{"name":"npc_dota_hero_pugna","id":45,"localized_name":"Pugna","name_short":"pugna","aliases":"","ultimate":{"name":"pugna_life_drain","cooldown":[22],"scepter_cooldown":[0]}},"46":{"name":"npc_dota_hero_templar_assassin","id":46,"localized_name":"Templar Assassin","name_short":"templar_assassin","aliases":"","ultimate":{"name":"templar_assassin_psionic_trap","cooldown":[11,9,7]}},"47":{"name":"npc_dota_hero_viper","id":47,"localized_name":"Viper","name_short":"viper","aliases":"","ultimate":{"name":"viper_viper_strike","cooldown":[80,50,30],"scepter_cooldown":[12]}},"48":{"name":"npc_dota_hero_luna","id":48,"localized_name":"Luna","name_short":"luna","aliases":"","ultimate":{"name":"luna_eclipse","cooldown":[160,150,140]}},"49":{"name":"npc_dota_hero_dragon_knight","id":49,"localized_name":"Dragon Knight","name_short":"dragon_knight","aliases":"dk","ultimate":{"name":"dragon_knight_elder_dragon_form","cooldown":[115]}},"50":{"name":"npc_dota_hero_dazzle","id":50,"localized_name":"Dazzle","name_short":"dazzle","aliases":"","ultimate":{"name":"dazzle_weave","cooldown":[40]}},"51":{"name":"npc_dota_hero_rattletrap","id":51,"localized_name":"Clockwerk","name_short":"rattletrap","aliases":"","ultimate":{"name":"rattletrap_hookshot","cooldown":[70,55,40],"scepter_cooldown":[12]}},"52":{"name":"npc_dota_hero_leshrac","id":52,"localized_name":"Leshrac","name_short":"leshrac","aliases":"","ultimate":{"name":"leshrac_pulse_nova","cooldown":[1,1,1,1]}},"53":{"name":"npc_dota_hero_furion","id":53,"localized_name":"Nature's Prophet","name_short":"furion","aliases":"np","ultimate":{"name":"furion_wrath_of_nature","cooldown":[90,75,60]}},"54":{"name":"npc_dota_hero_life_stealer","id":54,"localized_name":"Lifestealer","name_short":"life_stealer","aliases":"","ultimate":{"name":"life_stealer_infest","cooldown":[100]}},"55":{"name":"npc_dota_hero_dark_seer","id":55,"localized_name":"Dark Seer","name_short":"dark_seer","aliases":"ds","ultimate":{"name":"dark_seer_wall_of_replica","cooldown":[100]}},"56":{"name":"npc_dota_hero_clinkz","id":56,"localized_name":"Clinkz","name_short":"clinkz","aliases":"","ultimate":{"name":"clinkz_death_pact","cooldown":[45,40,35]}},"57":{"name":"npc_dota_hero_omniknight","id":57,"localized_name":"Omniknight","name_short":"omniknight","aliases":"","ultimate":{"name":"omniknight_guardian_angel","cooldown":[150]}},"58":{"name":"npc_dota_hero_enchantress","id":58,"localized_name":"Enchantress","name_short":"enchantress","aliases":"","ultimate":{"name":"enchantress_impetus","cooldown":[0]}},"59":{"name":"npc_dota_hero_huskar","id":59,"localized_name":"Huskar","name_short":"huskar","aliases":"","ultimate":{"name":"huskar_life_break","cooldown":[45,30,15],"scepter_cooldown":[4]}},"60":{"name":"npc_dota_hero_night_stalker","id":60,"localized_name":"Night Stalker","name_short":"night_stalker","aliases":"ns","ultimate":{"name":"night_stalker_darkness","cooldown":[180,150,120]}},"61":{"name":"npc_dota_hero_broodmother","id":61,"localized_name":"Broodmother","name_short":"broodmother","aliases":"bm","ultimate":{"name":"broodmother_insatiable_hunger","cooldown":[45]}},"62":{"name":"npc_dota_hero_bounty_hunter","id":62,"localized_name":"Bounty Hunter","name_short":"bounty_hunter","aliases":"bh","ultimate":{"name":"bounty_hunter_track","cooldown":[10,7,5]}},"63":{"name":"npc_dota_hero_weaver","id":63,"localized_name":"Weaver","name_short":"weaver","aliases":"","ultimate":{"name":"weaver_time_lapse","cooldown":[60,50,40]}},"64":{"name":"npc_dota_hero_jakiro","id":64,"localized_name":"Jakiro","name_short":"jakiro","aliases":"","ultimate":{"name":"jakiro_macropyre","cooldown":[60]}},"65":{"name":"npc_dota_hero_batrider","id":65,"localized_name":"Batrider","name_short":"batrider","aliases":"br","ultimate":{"name":"batrider_flaming_lasso","cooldown":[90,70,50]}},"66":{"name":"npc_dota_hero_chen","id":66,"localized_name":"Chen","name_short":"chen","aliases":"","ultimate":{"name":"chen_hand_of_god","cooldown":[160,140,120],"scepter_cooldown":[30]}},"67":{"name":"npc_dota_hero_spectre","id":67,"localized_name":"Spectre","name_short":"spectre","aliases":"","ultimate":{"name":"spectre_haunt","cooldown":[120]}},"69":{"name":"npc_dota_hero_doom_bringer","id":69,"localized_name":"Doom","name_short":"doom_bringer","aliases":"db","ultimate":{"name":"doom_bringer_doom","cooldown":[100]}},"68":{"name":"npc_dota_hero_ancient_apparition","id":68,"localized_name":"Ancient Apparition","name_short":"ancient_apparition","aliases":"aa","ultimate":{"name":"ancient_apparition_ice_blast","cooldown":[40]}},"70":{"name":"npc_dota_hero_ursa","id":70,"localized_name":"Ursa","name_short":"ursa","aliases":"","ultimate":{"name":"ursa_enrage","cooldown":[25]}},"71":{"name":"npc_dota_hero_spirit_breaker","id":71,"localized_name":"Spirit Breaker","name_short":"spirit_breaker","aliases":"sb","ultimate":{"name":"spirit_breaker_nether_strike","cooldown":[80,70,60],"scepter_cooldown":[20]}},"72":{"name":"npc_dota_hero_gyrocopter","id":72,"localized_name":"Gyrocopter","name_short":"gyrocopter","aliases":"","ultimate":{"name":"gyrocopter_call_down","cooldown":[55,50,45]}},"73":{"name":"npc_dota_hero_alchemist","id":73,"localized_name":"Alchemist","name_short":"alchemist","aliases":"","ultimate":{"name":"alchemist_chemical_rage","cooldown":[45]}},"74":{"name":"npc_dota_hero_invoker","id":74,"localized_name":"Invoker","name_short":"invoker","aliases":"","ultimate":{"name":"invoker_invoke","cooldown":[22,17,12,5],"scepter_cooldown":[16,8,4,2]}},"75":{"name":"npc_dota_hero_silencer","id":75,"localized_name":"Silencer","name_short":"silencer","aliases":"","ultimate":{"name":"silencer_global_silence","cooldown":[130]}},"76":{"name":"npc_dota_hero_obsidian_destroyer","id":76,"localized_name":"Outworld Devourer","name_short":"obsidian_destroyer","aliases":"od","ultimate":{"name":"obsidian_destroyer_sanity_eclipse","cooldown":[160]}},"77":{"name":"npc_dota_hero_lycan","id":77,"localized_name":"Lycan","name_short":"lycan","aliases":"","ultimate":{"name":"lycan_shapeshift","cooldown":[100,70,40]}},"78":{"name":"npc_dota_hero_brewmaster","id":78,"localized_name":"Brewmaster","name_short":"brewmaster","aliases":"bm","ultimate":{"name":"brewmaster_primal_split","cooldown":[140,120,100]}},"79":{"name":"npc_dota_hero_shadow_demon","id":79,"localized_name":"Shadow Demon","name_short":"shadow_demon","aliases":"sd","ultimate":{"name":"shadow_demon_demonic_purge","cooldown":[50]}},"80":{"name":"npc_dota_hero_lone_druid","id":80,"localized_name":"Lone Druid","name_short":"lone_druid","aliases":"ld","ultimate":{"name":"lone_druid_true_form_druid","cooldown":[0]}},"81":{"name":"npc_dota_hero_chaos_knight","id":81,"localized_name":"Chaos Knight","name_short":"chaos_knight","aliases":"","ultimate":{"name":"chaos_knight_phantasm","cooldown":[140]}},"82":{"name":"npc_dota_hero_meepo","id":82,"localized_name":"Meepo","name_short":"meepo","aliases":"geomancer;meepwn"},"83":{"name":"npc_dota_hero_treant","id":83,"localized_name":"Treant Protector","name_short":"treant","aliases":"","ultimate":{"name":"treant_overgrowth","cooldown":[70]}},"84":{"name":"npc_dota_hero_ogre_magi","id":84,"localized_name":"Ogre Magi","name_short":"ogre_magi","aliases":"om"},"85":{"name":"npc_dota_hero_undying","id":85,"localized_name":"Undying","name_short":"undying","aliases":"dirge","ultimate":{"name":"undying_flesh_golem","cooldown":[75]}},"86":{"name":"npc_dota_hero_rubick","id":86,"localized_name":"Rubick","name_short":"rubick","aliases":"rubick","ultimate":{"name":"rubick_spell_steal","cooldown":[20,18,16],"scepter_cooldown":[5]}},"87":{"name":"npc_dota_hero_disruptor","id":87,"localized_name":"Disruptor","name_short":"disruptor","aliases":"disruptor","ultimate":{"name":"disruptor_static_storm","cooldown":[85]}},"88":{"name":"npc_dota_hero_nyx_assassin","id":88,"localized_name":"Nyx Assassin","name_short":"nyx_assassin","aliases":"nerubian;na","ultimate":{"name":"nyx_assassin_vendetta","cooldown":[70,60,50]}},"89":{"name":"npc_dota_hero_naga_siren","id":89,"localized_name":"Naga Siren","name_short":"naga_siren","aliases":"naga","ultimate":{"name":"naga_siren_song_of_the_siren","cooldown":[180,120,60]}},"90":{"name":"npc_dota_hero_keeper_of_the_light","id":90,"localized_name":"Keeper of the Light","name_short":"keeper_of_the_light","aliases":"keeper;ezalor","ultimate":{"name":"keeper_of_the_light_spirit_form","cooldown":[80,70,60]}},"91":{"name":"npc_dota_hero_wisp","id":91,"localized_name":"Io","name_short":"wisp","aliases":"wisp","ultimate":{"name":"wisp_relocate","cooldown":[90,75,60]}},"92":{"name":"npc_dota_hero_visage","id":92,"localized_name":"Visage","name_short":"visage","aliases":"visage","ultimate":{"name":"visage_summon_familiars","cooldown":[180,160,140]}},"93":{"name":"npc_dota_hero_slark","id":93,"localized_name":"Slark","name_short":"slark","aliases":"slark","ultimate":{"name":"slark_shadow_dance","cooldown":[60]}},"94":{"name":"npc_dota_hero_medusa","id":94,"localized_name":"Medusa","name_short":"medusa","aliases":"medusa,gorgon","ultimate":{"name":"medusa_stone_gaze","cooldown":[90]}},"95":{"name":"npc_dota_hero_troll_warlord","id":95,"localized_name":"Troll Warlord","name_short":"troll_warlord","aliases":"troll,jahrakal","ultimate":{"name":"troll_warlord_battle_trance","cooldown":[30]}},"96":{"name":"npc_dota_hero_centaur","id":96,"localized_name":"Centaur Warrunner","name_short":"centaur","aliases":"centaur","ultimate":{"name":"centaur_stampede","cooldown":[90,75,60]}},"97":{"name":"npc_dota_hero_magnataur","id":97,"localized_name":"Magnus","name_short":"magnataur","aliases":"magnataur, magnus","ultimate":{"name":"magnataur_reverse_polarity","cooldown":[120,110,100]}},"98":{"name":"npc_dota_hero_shredder","id":98,"localized_name":"Timbersaw","name_short":"shredder","aliases":"Rizzrack; Shredder; Timbersaw","ultimate":{"name":"shredder_return_chakram","cooldown":[0]}},"99":{"name":"npc_dota_hero_bristleback","id":99,"localized_name":"Bristleback","name_short":"bristleback","aliases":"Rigwarl;bb"},"100":{"name":"npc_dota_hero_tusk","id":100,"localized_name":"Tusk","name_short":"tusk","aliases":"Tuskarr","ultimate":{"name":"tusk_walrus_punch","cooldown":[25,20,15]}},"101":{"name":"npc_dota_hero_skywrath_mage","id":101,"localized_name":"Skywrath Mage","name_short":"skywrath_mage","aliases":"","ultimate":{"name":"skywrath_mage_mystic_flare","cooldown":[60,40,20],"scepter_cooldown":[20,10,0]}},"102":{"name":"npc_dota_hero_abaddon","id":102,"localized_name":"Abaddon","name_short":"abaddon","aliases":"Abaddon","ultimate":{"name":"abaddon_borrowed_time","cooldown":[60,50,40]}},"103":{"name":"npc_dota_hero_elder_titan","id":103,"localized_name":"Elder Titan","name_short":"elder_titan","aliases":"TC,Cairne","ultimate":{"name":"elder_titan_earth_splitter","cooldown":[100]}},"104":{"name":"npc_dota_hero_legion_commander","id":104,"localized_name":"Legion Commander","name_short":"legion_commander","aliases":"Tresdin,Legion","ultimate":{"name":"legion_commander_duel","cooldown":[50]}},"106":{"name":"npc_dota_hero_ember_spirit","id":106,"localized_name":"Ember Spirit","name_short":"ember_spirit","aliases":"Xin,Ember","ultimate":{"name":"ember_spirit_fire_remnant","cooldown":[0]}},"107":{"name":"npc_dota_hero_earth_spirit","id":107,"localized_name":"Earth Spirit","name_short":"earth_spirit","aliases":"Kaolin,Earth","ultimate":{"name":"earth_spirit_magnetize","cooldown":[80]}},"109":{"name":"npc_dota_hero_terrorblade","id":109,"localized_name":"Terrorblade","name_short":"terrorblade","aliases":"tb","ultimate":{"name":"terrorblade_sunder","cooldown":[120,80,40]}},"110":{"name":"npc_dota_hero_phoenix","id":110,"localized_name":"Phoenix","name_short":"phoenix","aliases":"ph","ultimate":{"name":"phoenix_supernova","cooldown":[110]}}}
